run_id,stage,seconds,timestamp
demo,placeholder_generation,0.06,1752646310
demo,placeholder_generation,0.012,1752646391
demo,placeholder_generation,1.796,1752646393
demo,poster_reroll,0,1752646393
demo,placeholder_generation,0.089,1752646393
demo,poster_reroll,0,1752646393
demo,placeholder_generation,0.09,1752646393
demo,poster_reroll,0,1752646393
demo,placeholder_generation,0.089,1752646393
demo,poster_reroll,0,1752646393
demo,placeholder_generation,0.012,1752646449
demo,placeholder_generation,1.989,1752646451
demo,poster_reroll,0,1752646451
demo,placeholder_generation,0.091,1752646451
demo,poster_reroll,0,1752646451
demo,placeholder_generation,0.093,1752646451
demo,poster_reroll,0,1752646451
demo,placeholder_generation,0.095,1752646451
demo,poster_reroll,0,1752646451
